Model_Job	Iso_ID	Base_Tpl	Tpl_Iso_Chain	Tpl_Inter_Chain	Model_Iso_Chain	Model_Inter_Chain	Model_Name	FoldX_Interaction_Energy
BCL2L1_1__Q07817_S0__Q92934_S0__AF1_A__partner_B	BCL2L1_1	Q07817_S0__Q92934_S0__AF1	A	B	A	B	BCL2L1_1.B99990017.pdb	-33.3565
BCL2L1_2__Q07817_S0__Q92934_S0__AF1_A__partner_B	BCL2L1_2	Q07817_S0__Q92934_S0__AF1	A	B	A	B	BCL2L1_2.B99990096.pdb	-19.7766
BCL2L1_3__Q07817_S0__Q92934_S0__AF1_A__partner_B	BCL2L1_3	Q07817_S0__Q92934_S0__AF1	A	B	A	B	BCL2L1_3.B99990009.pdb	-20.8494
BCL2L1_1__Q07817_S0__Q96LC9_S0__AFMM1_A__partner_B	BCL2L1_1	Q07817_S0__Q96LC9_S0__AFMM1	A	B	A	B	BCL2L1_1.B99990080.pdb	-36.0688
BCL2L1_2__Q07817_S0__Q96LC9_S0__AFMM1_A__partner_B	BCL2L1_2	Q07817_S0__Q96LC9_S0__AFMM1	A	B	A	B	BCL2L1_2.B99990026.pdb	-16.623
BCL2L1_3__Q07817_S0__Q96LC9_S0__AFMM1_A__partner_B	BCL2L1_3	Q07817_S0__Q96LC9_S0__AFMM1	A	B	A	B	BCL2L1_3.B99990019.pdb	-17.4354
COG7_1__P83436_S1__Q9UP83_S0__AF_A__partner_B	COG7_1	P83436_S1__Q9UP83_S0__AF	A	B	A	B	COG7_1.B99990081.pdb	-37.2802
COG7_3__P83436_S1__Q9UP83_S0__AF_A__partner_B	COG7_3	P83436_S1__Q9UP83_S0__AF	A	B	A	B	COG7_3.B99990035.pdb	-38.4652
E2F6_1__Q01094_S0__Q14186_S0__AFMM1_A__partner_B	E2F6_1	Q01094_S0__Q14186_S0__AFMM1	A	B	A	B	E2F6_1.B99990047.pdb	-125.111
E2F6_3__Q01094_S0__Q14186_S0__AFMM1_A__partner_B	E2F6_3	Q01094_S0__Q14186_S0__AFMM1	A	B	A	B	E2F6_3.B99990050.pdb	-110.295
GNMT_1__3THS_B__partner_A	GNMT_1	3THS	B	A	A	B	GNMT_1.B99990049.pdb	-45.4307
GNMT_3__3THS_B__partner_A	GNMT_3	3THS	B	A	A	B	GNMT_3.B99990026.pdb	-47.6427
GNMT_4__3THS_B__partner_A	GNMT_4	3THS	B	A	A	B	GNMT_4.B99990067.pdb	-40.1189
MVK_1__2R3V_A__partner_B	MVK_1	2R3V	A	B	A	B	MVK_1.B99990076.pdb	-24.5997
MVK_2__2R3V_A__partner_B	MVK_2	2R3V	A	B	A	B	MVK_2.B99990065.pdb	-20.5876
MVK_1__2R3V_B__partner_A	MVK_1	2R3V	B	A	A	B	MVK_1.B99990054.pdb	-25.0934
MVK_2__2R3V_B__partner_A	MVK_2	2R3V	B	A	A	B	MVK_2.B99990036.pdb	-21.3592
MVK_1__4HAC_A__partner_B	MVK_1	4HAC	A	B	A	B	MVK_1.B99990021.pdb	-18.1288
MVK_2__4HAC_A__partner_B	MVK_2	4HAC	A	B	A	B	MVK_2.B99990096.pdb	-15.6679
MVK_1__4HAC_B__partner_A	MVK_1	4HAC	B	A	A	B	MVK_1.B99990049.pdb	-14.6439
MVK_2__4HAC_B__partner_A	MVK_2	4HAC	B	A	A	B	MVK_2.B99990060.pdb	-18.5347
NPM1_1__P06748_S0__Q86SE8_S0__AFMM1_B__partner_A	NPM1_1	P06748_S0__Q86SE8_S0__AFMM1	B	A	A	B	NPM1_1.B99990030.pdb	4.11231
NPM1_2__P06748_S0__Q86SE8_S0__AFMM1_B__partner_A	NPM1_2	P06748_S0__Q86SE8_S0__AFMM1	B	A	A	B	NPM1_2.B99990003.pdb	-16.0822
PPP3CA_1__4OR9_A__partner_B	PPP3CA_1	4OR9	A	B	A	B	PPP3CA_1.B99990028.pdb	-60.9863
PPP3CA_2__4OR9_A__partner_B	PPP3CA_2	4OR9	A	B	A	B	PPP3CA_2.B99990004.pdb	-59.1151
PPP3CA_1__4ORC_A__partner_B	PPP3CA_1	4ORC	A	B	A	B	PPP3CA_1.B99990072.pdb	-75.8816
PPP3CA_2__4ORC_A__partner_B	PPP3CA_2	4ORC	A	B	A	B	PPP3CA_2.B99990077.pdb	-83.9836
RXRB_1__4NQA_A__partner_B	RXRB_1	4NQA	A	B	A	B	RXRB_1.B99990099.pdb	-18.719
RXRB_2__4NQA_A__partner_B	RXRB_2	4NQA	A	B	A	B	RXRB_2.B99990096.pdb	-17.831
RXRB_4__4NQA_A__partner_B	RXRB_4	4NQA	A	B	A	B	RXRB_4.B99990011.pdb	-29.0797
RXRB_1__5UAN_A__partner_B	RXRB_1	5UAN	A	B	A	B	RXRB_1.B99990023.pdb	-17.3717
RXRB_2__5UAN_A__partner_B	RXRB_2	5UAN	A	B	A	B	RXRB_2.B99990073.pdb	-18.9894
RXRB_4__5UAN_A__partner_B	RXRB_4	5UAN	A	B	A	B	RXRB_4.B99990057.pdb	17.8978
RXRB_1__4IQR_B__partner_A	RXRB_1	4IQR	B	A	A	B	RXRB_1.B99990048.pdb	-14.5732
RXRB_2__4IQR_B__partner_A	RXRB_2	4IQR	B	A	A	B	RXRB_2.B99990049.pdb	-11.5437
RXRB_3__4IQR_B__partner_A	RXRB_3	4IQR	B	A	A	B	RXRB_3.B99990037.pdb	-8.6912
RXRB_3__5UAN_A__partner_B	RXRB_3	5UAN	A	B	A	B	RXRB_3.B99990050.pdb	-22.7953
UCK1_3__6PWZ_H__partner_B	UCK1_3	6PWZ	H	B	A	B	UCK1_3.B99990074.pdb	-17.9153
UCK1_5__6PWZ_H__partner_B	UCK1_5	6PWZ	H	B	A	B	UCK1_5.B99990098.pdb	-19.3772
UCK1_1__9SGF_A__partner_B	UCK1_1	9SGF	A	B	A	B	UCK1_1.B99990100.pdb	-2.02173
UCK1_3__9SGF_A__partner_B	UCK1_3	9SGF	A	B	A	B	UCK1_3.B99990058.pdb	-21.4185
UCK1_5__9SGF_A__partner_B	UCK1_5	9SGF	A	B	A	B	UCK1_5.B99990032.pdb	-16.3987
UCK1_1__9SGF_B__partner_A	UCK1_1	9SGF	B	A	A	B	UCK1_1.B99990037.pdb	-0.636152
UCK1_3__9SGF_B__partner_A	UCK1_3	9SGF	B	A	A	B	UCK1_3.B99990017.pdb	-16.217
UCK1_5__9SGF_B__partner_A	UCK1_5	9SGF	B	A	A	B	UCK1_5.B99990048.pdb	-19.5896
UPP2_1__2XRF_B__partner_C	UPP2_1	2XRF	B	C	A	B	UPP2_1.B99990099.pdb	-76.6749
UPP2_2__2XRF_B__partner_C	UPP2_2	2XRF	B	C	A	B	UPP2_2.B99990028.pdb	-67.6722
UPP2_3__2XRF_B__partner_C	UPP2_3	2XRF	B	C	A	B	UPP2_3.B99990018.pdb	-72.8385
UPP2_1__2XRF_C__partner_B	UPP2_1	2XRF	C	B	A	B	UPP2_1.B99990004.pdb	-76.9033
UPP2_2__2XRF_C__partner_B	UPP2_2	2XRF	C	B	A	B	UPP2_2.B99990032.pdb	-69.9371
UPP2_3__2XRF_C__partner_B	UPP2_3	2XRF	C	B	A	B	UPP2_3.B99990005.pdb	-70.7953
UPP2_4__2XRF_C__partner_B	UPP2_4	2XRF	C	B	A	B	UPP2_4.B99990083.pdb	-9.84942
