Isoform_Comparison	Interactor_ID	Source	Template	Interactor_CA_Pairs	Interactor_CA_RMSD_Angstrom	FoldX_Energy_Y2H_Negative_kcal_mol	FoldX_Energy_Y2H_Positive_kcal_mol	FoldX_Difference_Y2H_Positive_Minus_Negative_kcal_mol	FoldX_Direction_Matches_Y2H
GNMT_4 (Y2H-) vs GNMT_1 (Y2H+)	GNMT	StructMAn	3THS (B:A)	283	0.4524	-40.1189	-45.4307	-5.311800000000005	yes
GNMT_4 (Y2H-) vs GNMT_3 (Y2H+)	GNMT	StructMAn	3THS (B:A)	283	0.372	-40.1189	-47.6427	-7.523800000000001	yes
MVK_2 (Y2H-) vs MVK_1 (Y2H+)	MVK	MMseqs2	2R3V (A:B)	388	0.2511	-20.5876	-24.5997	-4.0121	yes
MVK_2 (Y2H-) vs MVK_1 (Y2H+)	MVK	MMseqs2	2R3V (B:A)	390	0.2456	-21.3592	-25.0934	-3.7341999999999977	yes
MVK_2 (Y2H-) vs MVK_1 (Y2H+)	MVK	StructMAn	4HAC (A:B)	308	0.1264	-15.6679	-18.1288	-2.4608999999999988	yes
MVK_2 (Y2H-) vs MVK_1 (Y2H+)	MVK	StructMAn	4HAC (B:A)	312	0.4244	-18.5347	-14.6439	3.8908000000000005	no
PPP3CA_2 (Y2H-) vs PPP3CA_1 (Y2H+)	PPP3R1	MMseqs2	4OR9 (A:B)	166	0.1857	-59.1151	-60.9863	-1.8712000000000018	yes
PPP3CA_2 (Y2H-) vs PPP3CA_1 (Y2H+)	PPP3R1	StructMAn	4ORC (A:B)	166	0.1587	-83.9836	-75.8816	8.10199999999999	no
RXRB_4 (Y2H-) vs RXRB_1 (Y2H+)	NR1H3	MMseqs2	4NQA (A:B)	369	0.9841	-29.0797	-18.719	10.360699999999998	no
RXRB_4 (Y2H-) vs RXRB_2 (Y2H+)	NR1H3	MMseqs2	4NQA (A:B)	369	1.9487	-29.0797	-17.831	11.2487	no
RXRB_4 (Y2H-) vs RXRB_1 (Y2H+)	RARA_ORF1	MMseqs2	5UAN (A:B)	308	0.4328	17.8978	-17.3717	-35.2695	yes
RXRB_4 (Y2H-) vs RXRB_2 (Y2H+)	RARA_ORF1	MMseqs2	5UAN (A:B)	308	0.3077	17.8978	-18.9894	-36.8872	yes
RXRB_4 (Y2H-) vs RXRB_1 (Y2H+)	RARA_ORF2	MMseqs2	5UAN (A:B)	308	0.4328	17.8978	-17.3717	-35.2695	yes
RXRB_3 (Y2H-) vs RXRB_1 (Y2H+)	RARB	StructMAn	4IQR (B:A)	302	0.1358	-8.6912	-14.5732	-5.882	yes
RXRB_3 (Y2H-) vs RXRB_1 (Y2H+)	RARB	MMseqs2	5UAN (A:B)	308	0.3137	-22.7953	-17.3717	5.4236	no
RXRB_3 (Y2H-) vs RXRB_2 (Y2H+)	RARB	StructMAn	4IQR (B:A)	302	0.1187	-8.6912	-11.5437	-2.852499999999999	yes
RXRB_3 (Y2H-) vs RXRB_2 (Y2H+)	RARB	MMseqs2	5UAN (A:B)	308	0.2027	-22.7953	-18.9894	3.805900000000001	no
RXRB_4 (Y2H-) vs RXRB_1 (Y2H+)	RARB	MMseqs2	5UAN (A:B)	308	0.4328	17.8978	-17.3717	-35.2695	yes
RXRB_4 (Y2H-) vs RXRB_2 (Y2H+)	RARB	MMseqs2	5UAN (A:B)	308	0.3077	17.8978	-18.9894	-36.8872	yes
UCK1_1 (Y2H-) vs UCK1_5 (Y2H+)	UCK1	MMseqs2	9SGF (A:B)	213	0.1146	-2.02173	-16.3987	-14.376970000000002	yes
UCK1_1 (Y2H-) vs UCK1_5 (Y2H+)	UCK1	MMseqs2	9SGF (B:A)	213	0.1142	-0.636152	-19.5896	-18.953448	yes
UCK1_3 (Y2H-) vs UCK1_5 (Y2H+)	UCK1	StructMAn	6PWZ (H:B)	215	0.1107	-17.9153	-19.3772	-1.4619	yes
UCK1_3 (Y2H-) vs UCK1_5 (Y2H+)	UCK1	MMseqs2	9SGF (A:B)	213	0.1239	-21.4185	-16.3987	5.0198	no
UCK1_3 (Y2H-) vs UCK1_5 (Y2H+)	UCK1	MMseqs2	9SGF (B:A)	213	0.1334	-16.217	-19.5896	-3.372600000000002	yes
UPP2_3 (Y2H-) vs UPP2_1 (Y2H+)	UPP2	MMseqs2	2XRF (B:C)	286	0.2439	-72.8385	-76.6749	-3.8363999999999976	yes
UPP2_3 (Y2H-) vs UPP2_1 (Y2H+)	UPP2	Both	2XRF (C:B)	288	0.2578	-70.7953	-76.9033	-6.108000000000004	yes
UPP2_3 (Y2H-) vs UPP2_2 (Y2H+)	UPP2	MMseqs2	2XRF (B:C)	286	0.2621	-72.8385	-67.6722	5.166299999999993	no
UPP2_3 (Y2H-) vs UPP2_2 (Y2H+)	UPP2	Both	2XRF (C:B)	288	0.2657	-70.7953	-69.9371	0.8581999999999965	no
UPP2_4 (Y2H-) vs UPP2_1 (Y2H+)	UPP2	StructMAn	2XRF (C:B)	288	0.121	-9.84942	-76.9033	-67.05388	yes
UPP2_4 (Y2H-) vs UPP2_2 (Y2H+)	UPP2	StructMAn	2XRF (C:B)	288	0.1281	-9.84942	-69.9371	-60.08768	yes
